ID,NAME,SURNAME,SENIORITY
1,Aurelia,Drobot,3
2,Cezary,Janasz,3
3,Kaja,Piekacz,2
4,Artur,Maciejewicz,4
5,Kajetan,Szajek,4
6,Patryk,Fiedoruk,1
7,Miłosz,Korda,1
8,Maurycy,Helak,3
9,Oskar,Pastuła,2
10,Ernest,Frycz,1
11,Gustaw,Policht,3
12,Oskar,Tylek,1
13,Aniela,Dziadkowiec,2
14,Dawid,Szałata,3
15,Bianka,Woźniczko,4
16,Angelika,Kajstura,4
17,Ewa,Friedrich,2
18,Sonia,Rohde,4
19,Stefan,Mila,2
20,Mateusz,Szczudło,1
21,Roksana,Wasiuk,3
22,Róża,Kurzydło,3
23,Monika,Kunda,1
24,Anna Maria,Gemza,4
25,Jan,Goworek,4
26,Kornelia,Machoń,1
27,Liwia,Bździuch,4
28,Jerzy,Perlik,2
29,Tomasz,Majsterek,4
30,Ryszard,Swacha,1
31,Kacper,Tecław,2
32,Nikodem,Kycia,4
33,Tadeusz,Szmurło,2
34,Emil,Drwięga,2
35,Elżbieta,Moskalik,4
36,Mateusz,Brodawka,3
37,Kornelia,Dybka,1
38,Tobiasz,Kiwior,3
39,Błażej,Frost,4
40,Przemysław,Posłuszna,3
41,Hubert,Bujas,1
42,Grzegorz,Szyguła,4
43,Mieszko,Lenc,2
44,Tomasz,Kazubek,4
45,Błażej,Babij,2
46,Aleks,Roś,1
47,Mieszko,Kazberuk,4
48,Apolonia,Gumuła,2
49,Gabriel,Sołtysek,4
50,Radosław,Przewoźniak,1
51,Robert,Walasik,1
52,Sandra,Broncel,4
53,Krystian,Heinrich,3
54,Alex,Brachaczek,3
55,Maciej,Wojtaszak,2
56,Michał,Woszczyna,1
57,Ewa,Dydo,2
58,Karina,Kiliszek,2
59,Angelika,Solarek,4
60,Karol,Kiciak,1
61,Sonia,Niewiara,4
62,Alex,Fitas,4
63,Dagmara,Darłak,4
64,Błażej,Neubauer,4
65,Gustaw,Szatko,1
66,Julianna,Midura,3
67,Bartek,Czosnyka,1
68,Dagmara,Soroko,1
69,Aurelia,Budrewicz,4
70,Łukasz,Pagacz,3
71,Bruno,Pazoła,3
72,Ewelina,Kuboń,2
73,Olaf,Walus,1
74,Olaf,Dynak,1
75,Fryderyk,Góraj,1
76,Emil,Kaziród,2
77,Alex,Pietrewicz,2
78,Leon,Cabała,2
79,Krystian,Rząd,1
80,Natasza,Roszko,3
81,Maciej,Laszczyk,1
82,Adrianna,Wika,3
83,Fabian,Sendor,4
84,Aleks,Tołoczko,4
85,Rafał,Gasek,3
86,Błażej,Ochwat,4
87,Tola,Brejnak,3
88,Lidia,Pszczółka,1
89,Jędrzej,Smagała,4
90,Ernest,Malarczyk,3
91,Adrian,Kozłowicz,3
92,Dawid,Murat,3
93,Albert,Długozima,4
94,Tola,Kuzia,3
95,Ada,Szymonik,2
96,Marcin,Dering,3
97,Kacper,Lalak,4
98,Józef,Lempart,1
99,Nela,Pancerz,1
100,Nataniel,Kucz,3
101,Jakub,Sromek,1
102,Justyna,Granat,2
103,Adam,Zadworny,3
104,Tadeusz,Wawrzyn,1
105,Szymon,Mich,3
106,Cyprian,Martin,3
107,Miłosz,Sołoducha,1
108,Emil,Pakos,4
109,Borys,Jarczak,2
110,Krystyna,Gomoła,1
111,Maurycy,Pałyga,3
112,Józef,Rychert,2
113,Adrian,Kołata,4
114,Liwia,Milej,3
115,Rozalia,Krzempek,4
116,Andrzej,Lenik,1
117,Juliusz,Szachniewicz,3
118,Lidia,Gabryel,1
119,Adam,Fronia,1
120,Olgierd,Oleksiuk,4
121,Melania,Nyk,4
122,Marcin,Parada,4
123,Dominik,Siemieńczuk,4
124,Arkadiusz,Flieger,4
125,Paweł,Sommerfeld,2
126,Norbert,Ochwat,4
127,Justyna,Kiliszek,4
128,Jan,Latacz,4
129,Rafał,Wietecha,1
130,Grzegorz,Suszko,4
131,Artur,Stachów,2
132,Tymon,Mydlak,4
133,Stefan,Drewniok,4
134,Angelika,Cyganik,4
135,Nicole,Maszota,3
136,Leonard,Gul,3
137,Maksymilian,Nowotka,3
138,Kamil,Para,1
139,Marika,Gębura,4
140,Gustaw,Gosek,4
141,Olga,Pedrycz,4
142,Adrian,Klepka,4
143,Kacper,Buczma,3
144,Elżbieta,Prażuch,2
145,Kornelia,Kopytko,3
146,Natan,Bajko,1
147,Tadeusz,Malcherek,4
148,Marianna,Gumieniak,4
149,Przemysław,Ćwierz,2
150,Anita,Litwa,1
151,Róża,Sapała,4
152,Damian,Syldatk,4
153,Ignacy,Wyrwich,3
154,Krzysztof,Kunda,1
155,Krzysztof,Leonowicz,3
156,Piotr,Słabosz,3
157,Jan,Boś,2
158,Eliza,Skocz,4
159,Marcel,Tomys,4
160,Konstanty,Meler,4
161,Jeremi,Sakwa,1
162,Justyna,Pociask,4
163,Ewelina,Kucewicz,4
164,Ida,Lesiewicz,1
165,Bruno,Kargol,2
166,Oliwier,Brojek,1
167,Leonard,Olkowicz,3
168,Anastazja,Mytych,4
169,Natan,Petrus,3
170,Ada,Mazan,2
171,Patryk,Domian,2
172,Kazimierz,Kostorz,2
173,Anastazja,Ważny,3
174,Liwia,Tekiela,4
175,Albert,Pachowicz,1
176,Emil,Galik,3
177,Hubert,Natanek,1
178,Marcin,Mydlarz,3
179,Dorota,Sudak,3
180,Rozalia,Wojczuk,3
181,Iwo,Materek,3
182,Jakub,Groth,2
183,Aniela,Budkiewicz,3
184,Monika,Lempart,2
185,Konrad,Dacko,2
186,Aniela,Klyta,1
187,Monika,Bodych,3
188,Krystian,Front,1
189,Aleksander,Wowra,4
190,Liwia,Apostel,4
191,Anastazja,Staniczek,3
192,Paweł,Miszkiewicz,1
193,Leon,Nieścior,3
194,Fryderyk,Ochota,1
195,Kacper,Patalas,4
196,Oskar,Herda,1
197,Anita,Kaczmarkiewicz,1
198,Julita,Piekart,2
199,Maks,Pazik,4
200,Krystian,Bielat,4
201,Konrad,Neubauer,1
202,Mieszko,Wlaźlak,1
203,Kamila,Borkowicz,2
204,Albert,Perlik,3
205,Tymoteusz,Strawa,4
206,Leon,Żelasko,3
207,Anastazja,Roś,2
208,Blanka,Szatko,2
209,Jerzy,Szatanik,2
210,Eryk,Wydmuch,2
211,Iwo,Szwiec,2
212,Dariusz,Solarczyk,3
213,Wojciech,Siedlaczek,4
214,Ada,Jantos,4
215,Bianka,Wiesiołek,3
216,Nicole,Nieborak,4
217,Janina,Pachla,1
218,Mieszko,Feret,2
219,Julita,Wojtalik,1
220,Arkadiusz,Grochola,2
221,Stefan,Szlęk,1
222,Lidia,Policht,3
223,Marek,Wyroślak,2
224,Aleksander,Ufnal,1
225,Bruno,Gabryel,4
226,Tadeusz,Tyma,4
227,Adrianna,Salwin,1
228,Julian,Lubera,1
229,Julian,Zimmer,1
230,Lidia,Piechna,1
231,Łukasz,Ostasz,4
232,Fabian,Supernak,3
233,Julianna,Franas,1
234,Ignacy,Stępak,4
235,Miłosz,Słabosz,2
236,Agnieszka,Puch,4
237,Maurycy,Morcinek,2
238,Kacper,Fabiańczyk,2
239,Paweł,Stanisławczyk,2
240,Gustaw,Czuj,2
241,Jeremi,Mędrala,1
242,Wojciech,Matulewicz,2
243,Julianna,Baszak,2
244,Ada,Lament,1
245,Patryk,Kramer,2
246,Maciej,Bobik,4
247,Leonard,Smolec,1
248,Alex,Krzysztofek,4
249,Krzysztof,Stwora,4
250,Nela,Chaberek,4
251,Adrianna,Mitek,4
252,Stanisław,Lamch,4
253,Eryk,Bartman,3
254,Maciej,Jędruszczak,2
255,Alan,Uliasz,4
256,Bianka,Kołak,4
257,Gustaw,Mleczek,4
258,Dominik,Szykuła,4
259,Nicole,Syldatk,4
260,Krystyna,Słupik,1
261,Marcin,Mrotek,3
262,Ada,Namysł,4
263,Fryderyk,Achtelik,2
264,Aleksander,Jałowiec,3
265,Oskar,Pich,3
266,Dariusz,Skonieczka,4
267,Tobiasz,Maksym,2
268,Rozalia,Broncel,4
269,Liwia,Mielke,4
270,Apolonia,Koczara,2
271,Daniel,Michel,1
272,Patryk,Brygoła,2
273,Paweł,Bojdo,4
274,Olga,Cylwik,3
275,Maciej,Ellwart,1
276,Ida,Makieła,1
277,Julianna,Śliż,2
278,Mikołaj,Rolek,2
279,Apolonia,Kazubek,1
280,Natan,Prokurat,2
281,Miłosz,Winnik,4
282,Urszula,Kulisz,2
283,Cyprian,Krężołek,1
284,Gaja,Mysiak,1
285,Oskar,Jeszka,3
286,Iwo,Obuchowicz,1
287,Adrian,Kutek,2
288,Borys,Kozaczuk,4
289,Karina,Gromala,2
290,Krzysztof,Klęczar,4
291,Marcel,Rompa,2
292,Dagmara,Powała,1
293,Rafał,Szmelter,3
294,Ignacy,Dębosz,1
295,Dawid,Władyka,1
296,Dawid,Stelmasiak,1
297,Rozalia,Gierak,3
298,Melania,Poczta,3
299,Andrzej,Droździel,2
300,Konrad,Prygiel,3
301,Sylwia,Kajstura,4
302,Sara,Lenik,2
303,Kornel,Wojtaszak,4
304,Aniela,Mrozowicz,2
305,Jędrzej,Nocek,1
306,Inga,Karalus,2
307,Aniela,Suchta,1
308,Sylwia,Jarmuła,3
309,Olga,Marciniszyn,4
310,Krystyna,Białasik,2
311,Oskar,Pyszny,1
312,Franciszek,Kujawiak,4
313,Norbert,Łupina,2
314,Tymon,Puch,3
315,Melania,Karpik,2
316,Natan,Wisz,2
317,Inga,Przewłoka,4
318,Alan,Nehring,3
319,Kornel,Samoraj,4
320,Konrad,Madera,3
321,Alex,Sarota,3
322,Sara,Pioch,3
323,Aniela,Pesta,1
324,Olaf,Juszczuk,4
325,Rafał,Holc,3
326,Iwo,Soroko,2
327,Aleksander,Cyrulik,3
328,Grzegorz,Szymała,1
329,Kazimierz,Mikusek,1
330,Karol,Nalewajko,2
331,Jacek,Kawulok,4
332,Robert,Prystupa,2
333,Hubert,Gołas,3
334,Dominik,Pietraś,1
335,Witold,Szklarek,4
336,Ida,Bork,4
337,Ewa,Kudłacik,3
338,Marianna,Rapa,1
339,Rafał,Rosłoń,4
340,Andrzej,Mulawa,2
341,Iwo,Wakuła,3
342,Cyprian,Oleksiuk,1
343,Oliwier,Węgrzynowicz,2
344,Anastazja,Gozdur,2
345,Rafał,Pieszak,3
346,Ksawery,Nogieć,3
347,Róża,Kunysz,4
348,Dominik,Golus,4
349,Tymon,Startek,1
350,Błażej,Kowara,4
351,Cyprian,Kurach,2
352,Bruno,Sędek,4
353,Ewa,Sinkiewicz,1
354,Cezary,Wośko,4
355,Ewa,Wałdoch,4
356,Szymon,Drobisz,3
357,Tola,Drynda,1
358,Tymon,Pikula,2
359,Bartek,Działak,2
360,Apolonia,Boruc,2
361,Lidia,Flieger,1
362,Sandra,Łodej,3
363,Franciszek,Kowara,2
364,Jerzy,Szołtysik,4
365,Kornel,Peciak,1
366,Juliusz,Plebanek,3
367,Eliza,Łyś,1
368,Alex,Szwiec,2
369,Sylwia,Molak,2
370,Adam,Golus,2
371,Olgierd,Czochara,1
372,Janina,Wszoła,1
373,Apolonia,Toma,1
374,Filip,Połetek,2
375,Justyna,Doktor,3
376,Agnieszka,Gęgotek,1
377,Adam,Kasper,4
378,Karol,Kloch,2
379,Sonia,Ścieszka,3
380,Miłosz,Myga,4
381,Oliwier,Kanarek,1
382,Artur,Kolbusz,2
383,Sylwia,Parzonka,1
384,Apolonia,Stwora,1
385,Adrianna,Sztuba,4
386,Maks,Dankiewicz,3
387,Tobiasz,Siejak,2
388,Alan,Tutka,3
389,Agnieszka,Hak,1
390,Ida,Grygo,2
391,Janina,Stypa,3
392,Leon,Poniedziałek,2
393,Antoni,Ćwirko,2
394,Anastazja,Kędziorek,4
395,Rafał,Zajko,3
396,Kamil,Trzepizur,4
397,Filip,Rejmak,3
398,Alex,Kuropatwa,4
399,Wojciech,Mak,4
400,Marcel,Czosnyka,2
401,Eliza,Nieradko,3
402,Adrian,Szczypiór,3
403,Karol,Walkusz,1
404,Maks,Kycia,4
405,Iwo,Faryna,1
406,Marianna,Siewiera,2
407,Juliusz,Ludwin,1
408,Błażej,Dulemba,2
409,Eliza,Ceynowa,4
410,Daniel,Bytner,1
411,Anita,Kubisz,1
412,Arkadiusz,Kopa,3
413,Aurelia,Henke,4
414,Krystian,Miętka,4
415,Apolonia,Jankowicz,4
416,Róża,Szkopek,3
417,Kamila,Kulis,4
418,Kaja,Koniec,4
419,Bruno,Cich,4
420,Tomasz,Babij,1
421,Jan,Karwot,1
422,Leonard,Mizak,2
423,Igor,Forma,4
424,Norbert,Smektała,4
425,Franciszek,Leoniuk,3
426,Jerzy,Drwięga,4
427,Dominik,Pagacz,1
428,Albert,Kluj,4
429,Wiktor,Niedośpiał,3
430,Ignacy,Ćwirko,2
431,Maks,Świerkot,3
432,Wiktor,Kurbiel,1
433,Witold,Olbrych,2
434,Tomasz,Fal,1
435,Jeremi,Markiel,4
436,Daniel,Bartkowicz,3
437,Karina,Małota,1
438,Hubert,Kośnik,3
439,Dariusz,Słupik,2
440,Julianna,Steciuk,1
441,Olaf,Mueller,1
442,Monika,Rompa,4
443,Józef,Kołodziejak,4
444,Marika,Wyciszkiewicz,2
445,Marianna,Tomaszczyk,4
446,Sylwia,Chylak,4
447,Ewa,Spólnik,1
448,Ada,Bodek,4
449,Tadeusz,Bejm,1
450,Karina,Forysiak,2
451,Grzegorz,Hartman,3
452,Patryk,Dębniak,2
453,Witold,Nieradko,3
454,Tadeusz,Huczek,2
455,Anastazja,Hawro,4
456,Emil,Staniewicz,2
457,Tymon,Butrym,3
458,Błażej,Styrna,2
459,Agnieszka,Kuropatwa,4
460,Julian,Maszczyk,4
461,Adrianna,Demiańczuk,3
462,Blanka,Andruszko,1
463,Nicole,Świątkiewicz,4
464,Oliwier,Minta,1
465,Oskar,Skup,3
466,Tadeusz,Jakimiak,4
467,Konrad,Nazar,3
468,Angelika,Warczak,3
469,Marek,Broszkiewicz,1
470,Kalina,Durma,4
471,Dariusz,Ficner,3
472,Aurelia,Dzierżak,2
473,Aleks,Mitera,1
474,Sonia,Stempel,3
475,Jerzy,Radzio,1
476,Sandra,Furgała,2
477,Maks,Dzidek,3
478,Tola,Raba,3
479,Tobiasz,Majtyka,3
480,Cezary,Drygała,2
481,Lidia,Kobos,2
482,Gustaw,Satora,2
483,Nela,Kycia,3
484,Marcelina,Zimoląg,3
485,Aurelia,Makoś,2
486,Dominik,Bachanek,4
487,Eryk,Andruszko,3
488,Janina,Zagrodnik,1
489,Inga,Burczak,1
490,Roksana,Kreczmer,1
491,Krzysztof,Hałat,1
492,Antoni,Tworzydło,4
493,Maksymilian,Smal,3
494,Paweł,Sztuczka,1
495,Borys,Rybus,4
496,Agnieszka,Waszczyk,4
497,Jędrzej,Kolman,3
498,Jeremi,Stanisławek,3
499,Igor,Garncarek,1
500,Karina,Sołoducha,1
501,Cezary,Ciechowicz,3
502,Emil,Burnat,3
503,Julian,Noculak,4
504,Maurycy,Władyka,3
505,Sonia,Maszkiewicz,2
506,Anita,Wenzel,4
507,Marcelina,Masłoń,3
508,Mateusz,Kawulok,1
509,Klara,Melaniuk,2
510,Róża,Cymbała,2
511,Monika,Fedorczyk,1
512,Ewelina,Andziak,4
513,Nicole,Szajek,1
514,Damian,Korda,2
515,Bartek,Gąsienica,1
516,Bianka,Front,4
517,Marcin,Niewiara,2
518,Emil,Miętus,1
519,Maksymilian,Paczos,2
520,Przemysław,Szyma,3
521,Ignacy,Kłosowicz,3
522,Franciszek,Nieroda,2
523,Kalina,Hewelt,4
524,Ida,Waloszek,2
525,Apolonia,Basaj,1
526,Julita,Capała,2
527,Lidia,Sypek,3
528,Aleks,Polakiewicz,1
529,Maks,Szmurło,2
530,Mikołaj,Szyja,1
531,Elżbieta,Osica,1
532,Hubert,Wilusz,2
533,Leon,Stożek,2
534,Jędrzej,Kośnik,4
535,Miłosz,Godzwon,3
536,Alex,Dorobek,3
537,Leonard,Dawiec,3
538,Kornel,Przewłoka,4
539,Fryderyk,Pierchała,4
540,Przemysław,Rajczyk,4
541,Jakub,Antoszczyk,1
542,Arkadiusz,Jurczuk,2
543,Tola,Soliwoda,4
544,Fabian,Dyszy,1
545,Michał,Martyn,1
546,Dorota,Kapinos,3
547,Kamil,Pezda,4
548,Eryk,Brodawka,3
549,Wiktor,Lemieszek,2
550,Gustaw,Stranc,2
551,Wiktor,Frankowicz,1
552,Angelika,Drążyk,1
553,Fabian,Madejczyk,2
554,Dagmara,Plebanek,3
555,Maurycy,Janc,2
556,Alan,Litwinowicz,1
557,Olga,Kuźnia,4
558,Sylwia,Salwin,1
559,Mariusz,Dyka,3
560,Wojciech,Fidos,4
561,Inga,Rębiś,4
562,Sandra,Bubel,3
563,Ewelina,Tarach,1
564,Artur,Troć,1
565,Aurelia,Trochimiuk,4
566,Rozalia,Koj,1
567,Olaf,Zmarzły,2
568,Maks,Bobrowicz,1
569,Rafał,Sidorczuk,3
570,Malwina,Staciwa,2
571,Malwina,Pędrak,1
572,Oskar,Jachimczak,2
573,Ksawery,Bugla,2
574,Stanisław,Wężyk,4
575,Apolonia,Chromy,1
576,Olga,Kobryń,3
577,Ida,Rolak,2
578,Kacper,Pasztaleniec,2
579,Mikołaj,Lizurej,3
580,Marcin,Miszkurka,2
581,Blanka,Miszkurka,2
582,Grzegorz,Łabaj,4
583,Monika,Kyc,4
584,Ewelina,Ambrozik,4
585,Daniel,Drozda,1
586,Aurelia,Merda,2
587,Adrianna,Józefczak,1
588,Maksymilian,Lenarcik,1
589,Ryszard,Krywult,3
590,Rozalia,Macha,4
591,Natan,Ludwin,4
592,Bianka,Dyjach,1
593,Emil,Zajko,3
594,Oliwier,Lalak,1
595,Urszula,Klorek,1
596,Ida,Grycz,4
597,Tomasz,Brodowicz,2
598,Fryderyk,Grunt,4
599,Mikołaj,Muskała,4
600,Dariusz,Nieroda,1
601,Grzegorz,Andrzejuk,1
602,Robert,Walo,2
603,Krzysztof,Strzępek,4
604,Sonia,Moniuszko,3
605,Inga,Czupryna,2
606,Maciej,Kott,2
607,Konrad,Rząd,1
608,Emil,Łabuś,3
609,Filip,Frelich,1
610,Olaf,Antończak,2
611,Jakub,Kleina,3
612,Wiktor,Łój,1
613,Natan,Jakóbik,1
614,Błażej,Kosowicz,3
615,Igor,Twardosz,3
616,Kamila,Butrym,3
617,Jerzy,Bubak,2
618,Krzysztof,Maleszka,1
619,Dorota,Pietrusiewicz,2
620,Ida,Sutor,1
621,Stanisław,Makoś,1
622,Robert,Klamka,4
623,Filip,Pilipczuk,1
624,Jan,Nocek,2
625,Patryk,Działo,4
626,Piotr,Wawrzynkiewicz,4
627,Julita,Pernak,3
628,Eliza,Trochim,4
629,Gabriel,Tekiela,3
630,Łukasz,Saczuk,2
631,Kamila,Mikusek,1
632,Sylwia,Cyman,3
633,Stefan,Kapinos,1
634,Nataniel,Dybaś,3
635,Janina,Zdonek,2
636,Cyprian,Lesiewicz,1
637,Klara,Kiełbik,4
638,Dawid,Szpyt,2
639,Anna Maria,Klus,2
640,Grzegorz,Krzysiek,4
641,Gustaw,Nastaj,4
642,Maurycy,Husak,2
643,Ada,Samulak,4
644,Tymon,Żabka,3
645,Mateusz,Kilar,2
646,Alan,Palonek,1
647,Tobiasz,Świerkot,4
648,Dawid,Chalimoniuk,3
649,Paweł,Nieroda,1
650,Julian,Rećko,2
651,Bartek,Kopik,1
652,Maurycy,Gaudyn,2
653,Fabian,Durlik,1
654,Józef,Fyda,2
655,Natan,Reiter,1
656,Kornelia,Klebba,4
657,Jeremi,Miara,3
658,Kajetan,Leżoń,2
659,Aleks,Kondej,2
660,Jeremi,Kniaź,3
661,Daniel,Kozłowicz,1
662,Sandra,Nalewajko,2
663,Ryszard,Pitura,2
664,Łukasz,Pacholczak,2
665,Olga,Celuch,3
666,Marcin,Uzar,3
667,Bianka,Bernard,1
668,Sonia,Raźny,4
669,Łukasz,Marko,1
670,Julita,Działo,2
671,Kalina,Gramza,1
672,Kazimierz,Pietryga,1
673,Borys,Straszak,3
674,Adam,Wawak,2
675,Olga,Mielcarz,4
676,Gabriel,Synak,4
677,Marek,Kubów,1
678,Hubert,Pszczółka,4
679,Maks,Matyjaszek,3
680,Marika,Kolonko,4
681,Karol,Grotek,4
682,Mikołaj,Zimoń,3
683,Krystian,Cherek,1
684,Kazimierz,Kij,3
685,Jan,Szott,4
686,Sandra,Smykla,1
687,Janina,Micał,1
688,Wojciech,Kapciak,4
689,Dorota,Sulich,3
690,Jeremi,Kołtuniak,1
691,Ernest,Podkowa,3
692,Jan,Kozon,1
693,Gabriel,Makar,3
694,Iwo,Działa,2
695,Ernest,Rajtar,2
696,Szymon,Szlufik,1
697,Monika,Zdonek,4
698,Kalina,Łokietek,1
699,Mateusz,Rzońca,3
700,Eliza,Gębura,4
701,Norbert,Ochwat,4
702,Borys,Herok,1
703,Robert,Wszoła,2
704,Łukasz,Ciechowicz,4
705,Damian,Gąbka,1
706,Marika,Hawrylak,2
707,Anna Maria,Orszulik,4
708,Tymon,Skałka,3
709,Julianna,Szymajda,2
710,Kajetan,Miętus,2
711,Eryk,Gołek,1
712,Stefan,Stypka,3
713,Wojciech,Ogrodowicz,1
714,Konrad,Choina,2
715,Kornelia,Patora,1
716,Sara,Radzewicz,2
717,Franciszek,Szyja,1
718,Jan,Pera,3
719,Eryk,Glica,1
720,Marek,Krzysztofek,1
721,Marika,Ławniczek,2
722,Sandra,Kryza,1
723,Olga,Chaba,3
724,Gabriel,Ziarek,2
725,Mateusz,Jeka,2
726,Ksawery,Cal,2
727,Sebastian,Gapys,2
728,Lidia,Bareja,3
729,Julita,Cłapa,1
730,Krystyna,Majorek,4
731,Wiktor,Mućka,4
732,Robert,Gorzelańczyk,1
733,Kazimierz,Bodzak,2
734,Dagmara,Maruszczyk,1
735,Łukasz,Chmielak,3
736,Robert,Stanisławczyk,4
737,Kazimierz,Górnisiewicz,3
738,Blanka,Błażejak,1
739,Kacper,Kiepas,1
740,Paweł,Bździuch,2
741,Borys,Kornet,3
742,Patryk,Kuster,3
743,Błażej,Rajchel,4
744,Blanka,Fiołka,3
745,Iwo,Okła,4
746,Justyna,Smoczyk,3
747,Ewa,Kononowicz,1
748,Olgierd,Szywała,1
749,Eliza,Dywan,4
750,Malwina,Superson,3
751,Tymon,Wacławiak,2
752,Anna Maria,Mostek,3
753,Błażej,Tasarz,2
754,Nataniel,Nabiałek,2
755,Ryszard,Pianka,2
756,Cyprian,Myszk,3
757,Malwina,Dyja,3
758,Miłosz,Kochman,3
759,Inga,Zaguła,4
760,Oliwier,Ciepła,3
761,Tymon,Cisoń,3
762,Dariusz,Pabiś,3
763,Ada,Schubert,3
764,Fryderyk,Szpila,4
765,Adrianna,Lenda,2
766,Cyprian,Kokosza,1
767,Patryk,Sroga,3
768,Przemysław,Skrobek,1
769,Liwia,Powałka,3
770,Lidia,Mszyca,2
771,Bianka,Jędrusiak,1
772,Ignacy,Zach,4
773,Aleks,Zbróg,4
774,Gustaw,Glonek,2
775,Konstanty,Piszcz,2
776,Ada,Ziętal,1
777,Oliwier,Waloszczyk,1
778,Julianna,Wisła,4
779,Kaja,Kudlak,4
780,Kacper,Doroszuk,1
781,Przemysław,Ostapiuk,2
782,Karol,Krzywoń,3
783,Patryk,Kasiak,1
784,Anita,Ligenza,2
785,Józef,Kazior,1
786,Monika,Szoka,3
787,Michał,Kurzac,4
788,Jan,Zmuda,4
789,Rafał,Nyk,4
790,Stefan,Siedlaczek,3
791,Roksana,Zaborek,4
792,Grzegorz,Sajewicz,1
793,Emil,Prochownik,4
794,Aniela,Franc,4
795,Adam,Garczyk,3
796,Jeremi,Kurda,2
797,Konstanty,Pompa,4
798,Ignacy,Gleba,3
799,Natan,Szłapa,4
800,Damian,Holewa,2
801,Michał,Burchardt,3
802,Anita,Fal,3
803,Ada,Zubowicz,1
804,Kamila,Langier,3
805,Kaja,Jagieło,4
806,Kamila,Nawrotek,4
807,Jacek,Hasiak,2
808,Maksymilian,Strzelczak,3
809,Ida,Grzelec,4
810,Radosław,Okraska,2
811,Robert,Rząca,2
812,Filip,Kontny,1
813,Antoni,Procek,3
814,Anastazja,Wężyk,3
815,Igor,Zatoń,4
816,Oliwier,Forysiak,3
817,Marika,Białka,4
818,Witold,Szpyra,1
819,Julita,Apanowicz,2
820,Franciszek,Nehring,4
821,Dominik,Pitek,3
822,Tadeusz,Bociek,3
823,Anita,Mieszała,2
824,Kamila,Zys,4
825,Rozalia,Dankiewicz,3
826,Olaf,Lelito,4
827,Julianna,Guziak,2
828,Sonia,Klatka,4
829,Kaja,Westfal,1
830,Maurycy,Klęk,2
831,Róża,Wyłupek,1
832,Anna Maria,Misiaszek,1
833,Adam,Labudda,4
834,Michał,Machowiak,2
835,Olga,Wasyluk,2
836,Marcin,Grzenia,4
837,Aurelia,Pierz,2
838,Maksymilian,Ostafin,3
839,Eryk,Szpyt,1
840,Nicole,Brodowicz,2
841,Adrianna,Pietrasz,3
842,Cyprian,Nowotny,4
843,Apolonia,Wawrzyńczyk,4
844,Kajetan,Kryza,3
845,Jerzy,Garbaciak,2
846,Kaja,Samson,2
847,Patryk,Karczmarz,2
848,Tymoteusz,Orpel,1
849,Natan,Nesterowicz,2
850,Kacper,Więckiewicz,4
851,Karol,Ruman,2
852,Kornelia,Pyc,2
853,Rafał,Legutko,3
854,Sara,Pronobis,4
855,Kamil,Milka,1
856,Kaja,Bek,4
857,Arkadiusz,Panasiewicz,4
858,Ksawery,Wielgo,4
859,Ignacy,Dziugieł,1
860,Adrianna,Gortat,2
861,Cyprian,Cecot,4
862,Marianna,Dziadkiewicz,4
863,Piotr,Myk,4
864,Tola,Leżoń,3
865,Olaf,Gmurczyk,1
866,Adam,Zemanek,3
867,Jacek,Ruszel,4
868,Alan,Materek,3
869,Julita,Półchłopek,2
870,Elżbieta,Sygut,4
871,Alex,Fulara,2
872,Sandra,Szymocha,1
873,Mariusz,Duszczak,4
874,Karol,Sobstyl,1
875,Arkadiusz,Dietrich,4
876,Marianna,Wesoły,1
877,Nikodem,Potyrała,3
878,Fryderyk,Nazar,4
879,Ernest,Stanuch,1
880,Adrianna,Tyma,4
881,Natasza,Podpora,1
882,Witold,Pazera,1
883,Iwo,Hanas,4
884,Krystyna,Myrcha,3
885,Kornel,Budner,2
886,Jakub,Rubin,2
887,Natan,Babiuch,4
888,Roksana,Bancerz,2
889,Tymoteusz,Suchenek,2
890,Maciej,Skoneczna,4
891,Tobiasz,Dyja,4
892,Krystyna,Welenc,3
893,Eryk,Smolorz,2
894,Mariusz,Kędziorek,3
895,Nela,Szybiak,4
896,Natasza,Wójs,1
897,Ksawery,Idzi,2
898,Adrian,Wójs,4
899,Róża,Proć,2
900,Cyprian,Dyjas,1
901,Ryszard,Mikus,1
902,Norbert,Małysiak,4
903,Nikodem,Wykręt,1
904,Dagmara,Ciołczyk,4
905,Bruno,Gryciuk,4
906,Gustaw,Wasążnik,2
907,Mikołaj,Moneta,3
908,Natasza,Ziółko,4
909,Jerzy,Dietrich,2
910,Mateusz,Radzio,3
911,Ida,Woronko,3
912,Gabriel,Kozdroń,2
913,Cyprian,Toborek,4
914,Tola,Maślach,1
915,Sonia,Kultys,3
916,Janina,Nowotnik,4
917,Ida,Hennig,3
918,Dagmara,Tłuczek,4
919,Marcel,Neubauer,3
920,Ryszard,Bilik,2
921,Albert,Łokaj,1
922,Maurycy,Wyroba,4
923,Kamil,Putek,1
924,Adrianna,Wawszczak,2
925,Juliusz,Ochab,4
926,Maksymilian,Krajniak,4
927,Maks,Gajdzik,2
928,Cezary,Sznura,4
929,Antoni,Seidel,2
930,Nicole,Płoskonka,4
931,Agnieszka,Zaranek,3
932,Grzegorz,Olma,1
933,Jakub,Kustosz,4
934,Tola,Wawrzynowicz,2
935,Leonard,Folta,2
936,Maciej,Smalec,3
937,Arkadiusz,Drabczyk,3
938,Urszula,Sych,3
939,Leon,Kocaj,2
940,Tymoteusz,Kilar,2
941,Damian,Ciochoń,3
942,Natan,Gul,2
943,Klara,Sobel,4
944,Urszula,Olearczyk,4
945,Maurycy,Szyc,1
946,Urszula,Kulus,3
947,Ada,Krzyśków,2
948,Aurelia,Klamka,4
949,Witold,Fidos,2
950,Mariusz,Zimniak,3
951,Rozalia,Szemraj,3
952,Wojciech,Langa,2
953,Fabian,Lulek,1
954,Natan,Laszkiewicz,3
955,Kacper,Basak,1
956,Nicole,Tuzimek,3
957,Szymon,Ulewicz,1
958,Kajetan,Imiela,3
959,Błażej,Bicz,2
960,Sara,Lampart,2
961,Angelika,Boguś,3
962,Mieszko,Krzyk,1
963,Marcel,Ośko,2
964,Ksawery,Witan,4
965,Marek,Drobot,1
966,Ignacy,Klęczar,3
967,Agnieszka,Bryja,1
968,Jan,Kajstura,1
969,Tola,Pal,1
970,Olaf,Wereda,3
971,Monika,Cop,4
972,Maurycy,Biegała,3
973,Kornel,Rząca,1
974,Gustaw,Waniek,4
975,Ida,Matyka,2
976,Marek,Powałka,4
977,Angelika,Lejk,3
978,Anita,Sykut,4
979,Tymon,Cis,1
980,Przemysław,Szyguła,2
981,Aniela,Kuryłowicz,4
982,Michał,Szoka,2
983,Karina,Szumiło,3
984,Lidia,Gąszczak,1
985,Mariusz,Jaremko,3
986,Patryk,Ślipek,3
987,Tadeusz,Golak,1
988,Gaja,Szymocha,3
989,Stefan,Kopiczko,1
990,Witold,Wojewodzic,2
991,Natasza,Słupek,4
992,Krystyna,Pałgan,2
993,Norbert,Gumienny,2
994,Eliza,Hus,3
995,Marcelina,Tyczka,3
996,Karina,Bondyra,2
997,Wiktor,Michnik,2
998,Adam,Browarczyk,2
999,Aurelia,Skotarczak,4
1000,Ada,Falba,3
